Insert INTO Users VALUES('IN1@syntelinc.com', 'KB1234', 'N');
Insert INTO Users VALUES('IN2@syntelinc.com', 'GEM042289', 'N');
Insert INTO Users VALUES('IN3@syntelinc.com', 'KMS', 'N');
Insert INTO Users VALUES('IN4@syntelinc.com', 'naaaaammmmeee', 'N');
Insert INTO Users VALUES('IN5@syntelinc.com', 'plaaaaacce', 'N');
Insert INTO Users VALUES('IN6@syntelinc.com', 'thinggggg', 'N');
Insert INTO Users VALUES('AD1@syntelinc.com', 'a noun', 'Y');
Insert INTO Users VALUES('AD2@syntelinc.com', 'is', 'Y');
Insert INTO Users VALUES('AD3@syntelinc.com', 'a', 'Y');
Insert INTO Users VALUES('AD4@syntelinc.com', 'person', 'Y');
Insert INTO Users VALUES('AD5@syntelinc.com', 'place', 'Y');
Insert INTO Users VALUES('AD6@syntelinc.com', 'or', 'Y');
Insert INTO Users VALUES('AD7@syntelinc.com', 'thing', 'Y');

Insert INTO Stream VALUES ('FSD123', 'Java Full Stack Developer');
Insert INTO Stream VALUES ('DB343', 'Database');
Insert INTO Stream VALUES ('BD456', 'Big Data');
Insert INTO Stream VALUES ('SCRUM12345', 'Mangement and Orginization');

Insert INTO Class VALUES ('AM19', 'FSD123', NULL);
Insert INTO Class VALUES ('MA19', 'FSD123', NULL);
Insert INTO Class VALUES ('MJ19', 'FSD123', NULL);
Insert INTO Class VALUES ('names', 'DB343', NULL);
Insert INTO Class VALUES ('are', 'DB343', NULL);
Insert INTO Class VALUES ('hard', 'BD456', NULL);
Insert INTO Class VALUES ('test1', 'BD456', NULL);
Insert INTO Class VALUES ('JV123', 'FSD123', NULL);

Insert INTO Employees VALUES('IM505', 'IceMan', 'IM505@syn.com', 'JV123');
Insert INTO Employees VALUES('PM', 'Peridot Metal', 'life@syn.com', 'JV123');
Insert INTO Employees VALUES('ab', 'Stefon Univorse', 'death@syn.com', 'MJ19');
Insert INTO Employees VALUES('cd', 'Clearly not', 'love@syn.com', 'MJ19');
Insert INTO Employees VALUES('ed', 'not fairuse', 'birth@syn.com', 'MJ19');
Insert INTO Employees VALUES('gh', 'we changed lots', 'peace@syn.com', 'JV123');
Insert INTO Employees VALUES('ij', 'space-an-special-chatcters lol i cant type', 'sofextracharactersbecauseoftheampersandlolnocaps@syn.com', 'JV123');
Insert INTO Employees VALUES('kj', 'lots of letters', 'planet@syn.com', 'AM19');
Insert INTO Employees VALUES('mn', 'and the other one is a gemstone', 'earth@syn.com', 'names');


Insert INTO Modules VALUES(10, 'website stuffs', 'Foundation', 'FSD123');
Insert INTO Modules VALUES(1, 'processes and domains', 'ProcessDomain', 'FSD123');
Insert INTO Modules VALUES(2, 'database 101', 'Foundation', 'FSD123');
Insert INTO Modules VALUES(3, 'database 201', 'Foundation', 'FSD123');
Insert INTO Modules VALUES(4, 'OracleMod', 'Specialization', 'FSD123');
Insert INTO Modules VALUES(5, 'JavaMod1', 'Specialization', 'FSD123');
Insert INTO Modules VALUES(6, 'fun programses', 'Specialization', 'FSD123');
Insert INTO Modules VALUES(7, 'SCRUM', 'Specialization', 'SCRUM12345');
Insert INTO Modules VALUES(8, 'SCRUM', 'ProcessDomain', 'FSD123');
Insert INTO Modules VALUES(9, 'sh training wink', 'ProcessDomain', 'FSD123');
Insert INTO Modules VALUES(11, 'ssh gutter person', 'ProcessDomain', 'DB343');
Insert INTO Modules VALUES(12, 'aaaanameraes', 'ProcessDomain', 'DB343');
Insert INTO Modules VALUES(13, 'module name', 'ProcessDomain', 'DB343');
Insert INTO Modules VALUES(14, 'naaaame', 'Specialization', 'DB343');
Insert INTO Modules VALUES(15, 'rwar test', 'Specialization', 'DB343');
Insert INTO Modules VALUES(16, 'tesssttt', 'Specialization', 'FSD123');
Insert INTO Modules VALUES(17, 'igiveup', 'Specialization', 'SCRUM12345');
Insert INTO Modules VALUES(18, 'plzstop', 'Specialization', 'SCRUM12345');
Insert INTO Modules VALUES(19, 'plzhalp', 'Foundation', 'DB343');
Insert INTO Modules VALUES(20, 'messageher', 'Foundation', 'FSD123');
Insert INTO Modules VALUES(21, 'tesingisf...', 'Foundation', 'DB343');


Insert INTO Courses VALUES('OR1.3', 'Oracle1.3', '5');
Insert INTO Courses VALUES('OR1.4', 'Oracle1.4', '5');
Insert INTO Courses VALUES('jva8', 'JavaSE8', '6');

Insert INTO Employees_Take_Modules VALUES('1', 'ab', 83.00);
Insert INTO Employees_Take_Modules VALUES('2', 'ab', 83.00);
Insert INTO Employees_Take_Modules VALUES('3', 'ab', 83.00);
Insert INTO Employees_Take_Modules VALUES('4', 'ab', 83.00);
Insert INTO Employees_Take_Modules VALUES('5', 'ab', 83.00);
Insert INTO Employees_Take_Modules VALUES('6', 'ab', 83.00);
Insert INTO Employees_Take_Modules VALUES('7', 'ab', 83.00);
Insert INTO Employees_Take_Modules VALUES('8', 'ab', 83.00);
Insert INTO Employees_Take_Modules VALUES('9', 'ab', 83.00);
Insert INTO Employees_Take_Modules VALUES('10', 'ab', 83.00);
Insert INTO Employees_Take_Modules VALUES('11', 'ab', 83.00);
Insert INTO Employees_Take_Modules VALUES('12', 'ab', 83.00);
Insert INTO Employees_Take_Modules VALUES('13', 'ab', 83.00);
Insert INTO Employees_Take_Modules VALUES('14', 'ab', 83.00);
Insert INTO Employees_Take_Modules VALUES('15', 'ab', 83.00);
Insert INTO Employees_Take_Modules VALUES('16', 'ab', 83.00);
Insert INTO Employees_Take_Modules VALUES('17', 'ab', 83.00);
Insert INTO Employees_Take_Modules VALUES('18', 'ab', 83.00);
Insert INTO Employees_Take_Modules VALUES('19', 'ab', 83.00);
Insert INTO Employees_Take_Modules VALUES('20', 'ab', 83.00);
Insert INTO Employees_Take_Modules VALUES('21', 'ab', 83.00);
Insert INTO Employees_Take_Modules VALUES('1', 'IM505', 83.00);
Insert INTO Employees_Take_Modules VALUES('2', 'IM505', 83.00);
Insert INTO Employees_Take_Modules VALUES('3', 'IM505', 83.00);
Insert INTO Employees_Take_Modules VALUES('4', 'IM505', 83.00);
Insert INTO Employees_Take_Modules VALUES('5', 'IM505', 83.00);
Insert INTO Employees_Take_Modules VALUES('6', 'IM505', 83.00);
Insert INTO Employees_Take_Modules VALUES('7', 'IM505', 83.00);
Insert INTO Employees_Take_Modules VALUES('8', 'IM505', 83.00);
Insert INTO Employees_Take_Modules VALUES('9', 'IM505', 83.00);
Insert INTO Employees_Take_Modules VALUES('10', 'IM505', 83.00);
Insert INTO Employees_Take_Modules VALUES('11', 'IM505', 83.00);
Insert INTO Employees_Take_Modules VALUES('12', 'IM505', 83.00);
Insert INTO Employees_Take_Modules VALUES('13', 'IM505', 83.00);
Insert INTO Employees_Take_Modules VALUES('14', 'IM505', 83.00);
Insert INTO Employees_Take_Modules VALUES('15', 'IM505', 83.00);
Insert INTO Employees_Take_Modules VALUES('16', 'IM505', 83.00);
Insert INTO Employees_Take_Modules VALUES('17', 'IM505', 83.00);
Insert INTO Employees_Take_Modules VALUES('18', 'IM505', 83.00);
Insert INTO Employees_Take_Modules VALUES('19', 'IM505', 83.00);
Insert INTO Employees_Take_Modules VALUES('20', 'IM505', 83.00);
Insert INTO Employees_Take_Modules VALUES('21', 'IM505', 83.00);
Insert INTO Employees_Take_Modules VALUES('10', 'PM', 83.00);
Insert INTO Employees_Take_Modules VALUES('1', 'PM', 83.00);
Insert INTO Employees_Take_Modules VALUES('2', 'PM', 83.00);
Insert INTO Employees_Take_Modules VALUES('3', 'PM', 83.00);
Insert INTO Employees_Take_Modules VALUES('4', 'PM', 83.00);
Insert INTO Employees_Take_Modules VALUES('5', 'PM', 83.00);
Insert INTO Employees_Take_Modules VALUES('6', 'PM', 83.00);
Insert INTO Employees_Take_Modules VALUES('7', 'PM', 83.00);
Insert INTO Employees_Take_Modules VALUES('8', 'PM', 83.00);
Insert INTO Employees_Take_Modules VALUES('9', 'PM', 83.00);
Insert INTO Employees_Take_Modules VALUES('10', 'PM', 83.00);
Insert INTO Employees_Take_Modules VALUES('11', 'PM', 83.00);
Insert INTO Employees_Take_Modules VALUES('12', 'PM', 83.00);
Insert INTO Employees_Take_Modules VALUES('13', 'PM', 83.00);
Insert INTO Employees_Take_Modules VALUES('14', 'PM', 83.00);
Insert INTO Employees_Take_Modules VALUES('15', 'PM', 83.00);
Insert INTO Employees_Take_Modules VALUES('16', 'PM', 83.00);
Insert INTO Employees_Take_Modules VALUES('17', 'PM', 83.00);
Insert INTO Employees_Take_Modules VALUES('18', 'PM', 83.00);
Insert INTO Employees_Take_Modules VALUES('19', 'PM', 83.00);
Insert INTO Employees_Take_Modules VALUES('20', 'PM', 83.00);
Insert INTO Employees_Take_Modules VALUES('21', 'PM', 83.00);

COMMIT;